{"cameraMode":{"drawMode":0,"name":"Shaded","section":"Shading Mode"},"sceneLighting":false,"audioPlay":false,"sceneViewState":{"m_AlwaysRefresh":false,"showFog":true,"showSkybox":false,"showFlares":true,"showImageEffects":true,"showParticleSystems":true,"showVisualEffectGraphs":true,"m_FxEnabled":true},"in2DMode":false,"pivot":{"x":-4.390591621398926,"y":-0.4845825433731079,"z":-2.217602491378784},"rotation":{"x":-0.0005932956119067967,"y":-1.0001060962677003,"z":-0.002699039876461029,"w":-0.000254917424172163},"size":1.3943535089492798,"orthographic":true}