{"cameraMode":{"drawMode":0,"name":"Shaded","section":"Shading Mode"},"sceneLighting":false,"audioPlay":false,"sceneViewState":{"m_AlwaysRefresh":false,"showFog":true,"showSkybox":false,"showFlares":true,"showImageEffects":true,"showParticleSystems":true,"showVisualEffectGraphs":true,"m_FxEnabled":true},"in2DMode":false,"pivot":{"x":-4.092456817626953,"y":-0.8292381763458252,"z":-2.261348247528076},"rotation":{"x":0.009031793102622033,"y":-0.9904707670211792,"z":0.10023719072341919,"w":0.09518525749444962},"size":4.417422294616699,"orthographic":true}