{"cameraMode":{"drawMode":0,"name":"Shaded","section":"Shading Mode"},"sceneLighting":true,"audioPlay":false,"sceneViewState":{"m_AlwaysRefresh":false,"showFog":true,"showSkybox":true,"showFlares":true,"showImageEffects":true,"showParticleSystems":true,"showVisualEffectGraphs":true,"m_FxEnabled":true},"in2DMode":false,"pivot":{"x":510.8006896972656,"y":226.7956085205078,"z":-8.047502517700196},"rotation":{"x":0.10749112814664841,"y":-0.01211764570325613,"z":0.001871712738648057,"w":0.9942567944526672},"size":265.5180358886719,"orthographic":true}