{"cameraMode":{"drawMode":0,"name":"Shaded","section":"Shading Mode"},"sceneLighting":true,"audioPlay":false,"sceneViewState":{"m_AlwaysRefresh":false,"showFog":true,"showSkybox":true,"showFlares":true,"showImageEffects":true,"showParticleSystems":true,"showVisualEffectGraphs":true,"m_FxEnabled":true},"in2DMode":false,"pivot":{"x":483.1168212890625,"y":237.0533905029297,"z":-50.88359832763672},"rotation":{"x":-0.0910852774977684,"y":0.004937849473208189,"z":-0.0011893758783116937,"w":-0.9959940910339356},"size":126.83712005615235,"orthographic":true}