{"cameraMode":{"drawMode":0,"name":"Shaded","section":"Shading Mode"},"sceneLighting":false,"audioPlay":false,"sceneViewState":{"m_AlwaysRefresh":false,"showFog":false,"showSkybox":false,"showFlares":false,"showImageEffects":false,"showParticleSystems":false,"showVisualEffectGraphs":true,"m_FxEnabled":true},"in2DMode":false,"pivot":{"x":0.0004296302795410156,"y":6.770341873168945,"z":0.3634684085845947},"rotation":{"x":-0.00019208953017368913,"y":-0.9998165965080261,"z":0.021904485300183297,"w":0.010554677806794644},"size":9.944395065307618,"orthographic":true}