{"cameraMode":{"drawMode":0,"name":"Shaded","section":"Shading Mode"},"sceneLighting":false,"audioPlay":false,"sceneViewState":{"m_AlwaysRefresh":false,"showFog":true,"showSkybox":false,"showFlares":true,"showImageEffects":true,"showParticleSystems":true,"showVisualEffectGraphs":true,"m_FxEnabled":true},"in2DMode":false,"pivot":{"x":-0.14444351196289063,"y":0.6541192531585693,"z":1.4416759014129639},"rotation":{"x":-0.10369216650724411,"y":0.6988261938095093,"z":-0.10388945788145066,"w":-0.7001994848251343},"size":5.408651828765869,"orthographic":true}