{"cameraMode":{"drawMode":0,"name":"Shaded","section":"Shading Mode"},"sceneLighting":false,"audioPlay":false,"sceneViewState":{"m_AlwaysRefresh":false,"showFog":true,"showSkybox":false,"showFlares":true,"showImageEffects":true,"showParticleSystems":true,"showVisualEffectGraphs":true,"m_FxEnabled":true},"in2DMode":false,"pivot":{"x":0.0026040077209472658,"y":0.21666646003723145,"z":1.2620179653167725},"rotation":{"x":-0.06948979198932648,"y":0.8776559829711914,"z":-0.13431601226329804,"w":-0.454938143491745},"size":2.929997444152832,"orthographic":true}