{"cameraMode":{"drawMode":0,"name":"Shaded","section":"Shading Mode"},"sceneLighting":false,"audioPlay":false,"sceneViewState":{"m_AlwaysRefresh":false,"showFog":true,"showSkybox":false,"showFlares":true,"showImageEffects":true,"showParticleSystems":true,"showVisualEffectGraphs":true,"m_FxEnabled":true},"in2DMode":false,"pivot":{"x":-0.6377178430557251,"y":0.7273358702659607,"z":-0.16699707508087159},"rotation":{"x":0.034672923386096957,"y":-0.9642879962921143,"z":0.20349867641925813,"w":0.1666630506515503},"size":1.9848980903625489,"orthographic":true}