{"cameraMode":{"drawMode":0,"name":"Shaded","section":"Shading Mode"},"sceneLighting":false,"audioPlay":false,"sceneViewState":{"m_AlwaysRefresh":false,"showFog":true,"showSkybox":false,"showFlares":true,"showImageEffects":true,"showParticleSystems":true,"showVisualEffectGraphs":true,"m_FxEnabled":true},"in2DMode":false,"pivot":{"x":-4.092456817626953,"y":-0.8292381763458252,"z":-0.09134817123413086},"rotation":{"x":0.1544131636619568,"y":-0.6708036661148071,"z":0.14614148437976838,"w":0.7107622027397156},"size":1.1851136684417725,"orthographic":true}