{"cameraMode":{"drawMode":0,"name":"Shaded","section":"Shading Mode"},"sceneLighting":false,"audioPlay":false,"sceneViewState":{"m_AlwaysRefresh":false,"showFog":true,"showSkybox":false,"showFlares":true,"showImageEffects":true,"showParticleSystems":true,"showVisualEffectGraphs":true,"m_FxEnabled":true},"in2DMode":false,"pivot":{"x":-4.092456817626953,"y":-0.8292381763458252,"z":-0.09134817123413086},"rotation":{"x":0.42256036400794985,"y":0.046716123819351199,"z":-0.021294448524713517,"w":0.9050202369689941},"size":2.796968698501587,"orthographic":true}